run,cohort,delta
Higgs R1,ordinary no-card,0.0002390400152986194
Higgs R1,ordinary no-card,-7.968000509939177e-05
Higgs R1,ordinary no-card,-7.968000509950279e-05
Higgs R1,ordinary no-card,-0.0010358400662936473
Higgs R1,ordinary no-card,-0.0009880320632339457
Higgs R1,ordinary no-card,0.0
Higgs R1,ordinary no-card,0.0007808640499753494
Higgs R1,ordinary no-card,0.0020876161336074173
Higgs R1,ordinary no-card,6.374400407960223e-05
Higgs R1,ordinary no-card,0.0
Higgs R1,ordinary no-card,0.0001274880081593155
Higgs R1,no-card control,-0.0005577600356966306
Higgs R1,ordinary no-card,0.0
Higgs R1,ordinary no-card,0.0007808640499753494
Higgs R1,ordinary no-card,0.0
Higgs R1,ordinary no-card,-1.5936001019789536e-05
Higgs R1,ordinary no-card,0.0006055680387564433
Higgs R1,ordinary no-card,0.0006055680387564433
Higgs R1,ordinary no-card,0.0
Higgs R1,ordinary no-card,0.0020876161336074173
Higgs R1,card-selected,0.0
Higgs R1,ordinary no-card,-0.0036334082325379935
Higgs R1,ordinary no-card,0.0
Higgs R1,ordinary no-card,-0.00028684801835821006
Higgs R1,ordinary no-card,-0.008191104524230775
Higgs R1,ordinary no-card,0.0
Higgs R1,ordinary no-card,-0.009019776577265715
Higgs R1,card-selected,0.0
Higgs R1,card-selected,0.003952128252936227
Higgs R1,ordinary no-card,0.0
Higgs R1,card-selected,0.0
Higgs R1,no-card control,0.0
Higgs R1,ordinary no-card,0.0014183040907713718
Higgs R1,card-selected,0.0
Higgs R1,card-selected,-0.00023904001529850838
Higgs R1,ordinary no-card,-0.0007808640499753494
Higgs R1,card-selected,0.0006055680387564433
Higgs R1,card-selected,-0.00043027202753753713
Higgs R1,card-selected,-0.006677184427339888
Higgs R1,card-selected,-0.00011155200713930391
Higgs R1,card-selected,-0.0017848321142293067
Higgs R1,ordinary no-card,0.0
Higgs R1,card-selected,-0.0005577600356966306
Higgs R1,card-selected,0.0
Higgs R1,ordinary no-card,0.0
Higgs R1,no-card control,0.00487641631209057
Higgs R1,card-selected,0.00033465602141802275
Higgs R1,ordinary no-card,0.0
Higgs R1,card-selected,-0.00028684801835821006
Higgs R1,card-selected,0.00041433602651752555
Higgs R1,ordinary no-card,-0.0001912320122388067
Higgs R1,card-selected,0.00162547210403019
Higgs R1,card-selected,7.968000509972484e-05
Higgs R1,card-selected,0.0
Higgs R1,card-selected,0.0008605440550748522
Higgs R1,card-selected,0.0
Higgs R1,ordinary no-card,-0.0005099520326368179
Higgs R1,ordinary no-card,-6.374400407960223e-05
Higgs R1,card-selected,0.0
Higgs R1,card-selected,0.0015457920989306873
Higgs R1,card-selected,-0.0003027840193779996
Higgs R1,card-selected,-0.00017529601121879512
Higgs R1,ordinary no-card,-0.00015936001019900559
Higgs R1,card-selected,0.0010039680642539572
Higgs R1,card-selected,0.0073943044732356356
Higgs R1,no-card control,0.0
Higgs R1,ordinary no-card,-0.012477888798584913
Higgs R1,card-selected,0.00044620802855721564
Higgs R1,card-selected,-0.0008286720530349401
Higgs R1,ordinary no-card,-0.00019123201223891773
Higgs R1,ordinary no-card,0.0
Higgs R1,card-selected,-0.0004621440295772272
Higgs R1,card-selected,0.010230912654778379
Higgs R1,ordinary no-card,0.0
Higgs R1,card-selected,0.0005099520326370399
Higgs R1,card-selected,-0.009673152619081749
Higgs R1,card-selected,0.0
Higgs R1,ordinary no-card,0.0017051521091296928
Higgs R1,ordinary no-card,6.374400407949121e-05
Higgs R1,ordinary no-card,0.00043027202753720406
Higgs R1,card-selected,0.0
Higgs R1,card-selected,0.00108364806935346
Higgs R1,ordinary no-card,0.0012748800815923778
Higgs R1,ordinary no-card,0.0015457920989307983
Higgs R1,card-selected,-0.00025497601631840894
Higgs R1,card-selected,0.0
Higgs R1,card-selected,0.0
Higgs R1,ordinary no-card,-0.019202881228984503
Higgs R1,ordinary no-card,0.0016573441060701022
Higgs R1,ordinary no-card,-0.0009083520581343318
Higgs R1,ordinary no-card,0.0010199040652739688
Higgs R1,ordinary no-card,0.0
Higgs R1,ordinary no-card,0.0
Higgs R1,ordinary no-card,0.0
Higgs R1,card-selected,0.0006055680387564433
Higgs R1,card-selected,0.0
Higgs R1,card-selected,0.0022947841468662356
Higgs R1,card-selected,0.0
Higgs R1,card-selected,0.00011155200713941493
Higgs R1,card-selected,-0.0004780800305973498
Higgs R1,card-selected,0.008924160571146422
Higgs R1,ordinary no-card,-0.0007330560469156477
Higgs R1,card-selected,-0.0015617280999505878
Higgs R1,card-selected,0.0006055680387562212
Higgs R1,card-selected,0.0009561600611942556
Higgs R1,ordinary no-card,0.0005736960367167532
Higgs R1,card-selected,-0.00011155200713930391
Higgs R1,card-selected,0.0006215040397763438
Higgs R1,card-selected,0.0003505920224378123
Higgs R1,ordinary no-card,-0.00015936001019900559
Higgs R1,card-selected,0.0010039680642541793
Higgs R1,card-selected,0.0010677120683335595
Higgs R1,card-selected,0.001051776067313881
Higgs R1,card-selected,-0.0012748800815923778
Higgs R1,ordinary no-card,-0.0012111360775125535
Higgs R1,ordinary no-card,-0.0003346560214178007
Higgs R1,card-selected,-0.0024063361540055395
Higgs R1,ordinary no-card,0.0023266561489060367
Higgs R1,card-selected,0.0
Higgs R1,ordinary no-card,0.0007489920479354373
Higgs R1,ordinary no-card,0.0
Higgs R1,card-selected,0.0009561600611942556
Higgs R1,card-selected,0.0
Higgs R1,ordinary no-card,-1.5936001019789536e-05
Higgs R1,ordinary no-card,0.00011155200713930391
Higgs R1,card-selected,-0.00038246402447783545
Higgs R1,ordinary no-card,0.0
Higgs R1,card-selected,-0.0008286720530350511
Higgs R1,ordinary no-card,-0.00047808003059701676
Higgs R1,ordinary no-card,0.0
Higgs R1,card-selected,0.0
Higgs R1,card-selected,-0.001737024111169716
Higgs R1,ordinary no-card,-0.0002709120173383095
Higgs R1,ordinary no-card,-0.0001593600101991166
Higgs R1,ordinary no-card,0.0
Higgs R1,card-selected,0.00022310401427882987
Higgs R1,card-selected,0.0034899842233588885
Higgs R1,ordinary no-card,0.00015936001019900559
Higgs R1,card-selected,0.004987968319229985
Higgs R1,ordinary no-card,-0.0020876161336075283
Higgs R1,ordinary no-card,0.00046214402957733824
Higgs R1,card-selected,0.0
Higgs R1,card-selected,-0.0013226880846519684
Higgs R1,card-selected,-0.0010677120683335595
Higgs R1,card-selected,0.0
Higgs R1,card-selected,-0.0015298560979105646
Higgs R1,card-selected,0.00044620802855732666
Higgs R1,ordinary no-card,-0.0005896320377365427
Higgs R1,card-selected,-0.00017529601121879512
Higgs R1,card-selected,-1.1102230246251565e-16
Higgs R1,card-selected,1.1102230246251565e-16
Higgs R1,card-selected,0.0
Higgs R1,card-selected,0.00015936001019900559
Higgs R1,card-selected,-0.00017529601121879512
Higgs R1,ordinary no-card,-0.00270912017338365
Higgs R1,card-selected,0.0014023680897515822
Higgs R1,card-selected,-0.0004621440295771162
Higgs R1,card-selected,-0.0014979840958709856
Higgs R1,card-selected,0.0018485761183089089
Higgs R1,ordinary no-card,0.004414272282513343
Higgs R1,ordinary no-card,-0.0012908160826121673
Higgs R1,card-selected,0.0010199040652739688
Higgs R1,card-selected,0.0
Higgs R1,ordinary no-card,-0.0006533760418160339
Higgs R1,card-selected,-0.00044620802855721564
Higgs R1,no-card control,-0.0013226880846519684
Higgs R1,card-selected,-0.00033465602141802275
Higgs R1,ordinary no-card,-4.7808003059701676e-05
Higgs R1,card-selected,-0.0006055680387563322
Higgs R1,ordinary no-card,-0.00025497601631840894
Higgs R1,card-selected,-0.00015936001019889456
Higgs R1,card-selected,-0.0005099520326368179
Higgs R1,ordinary no-card,-0.00022310401427871884
Higgs R1,ordinary no-card,0.0007489920479354373
Higgs R1,ordinary no-card,-0.0032031362050007894
Higgs R1,ordinary no-card,0.0
Higgs R1,ordinary no-card,0.0008924160571146533
Higgs R1,ordinary no-card,-0.0009242880591543434
Higgs R1,ordinary no-card,-0.0005258880336569405
Higgs R1,card-selected,-0.0008605440550746302
Higgs R1,card-selected,0.0005896320377365427
Higgs R1,ordinary no-card,0.003840576245796923
Higgs R1,ordinary no-card,-0.001625472104030301
Higgs R1,card-selected,0.0010199040652739688
Higgs R1,card-selected,0.0004940160316169173
Higgs R1,no-card control,6.374400407960223e-05
Higgs R1,ordinary no-card,-0.001338624085671758
Higgs R1,ordinary no-card,0.00025497601631840894
Higgs R1,ordinary no-card,-0.0008924160571146533
Higgs R1,card-selected,-0.0016732801070898917
Higgs R1,card-selected,0.0029162881866425794
Higgs R1,no-card control,6.374400407960223e-05
Higgs R1,ordinary no-card,0.000398400025497625
Higgs R1,ordinary no-card,0.0
Higgs R1,card-selected,0.0018326401172888973
Higgs R1,ordinary no-card,-0.00020716801325881828
Higgs R1,ordinary no-card,0.0004302720275373151
Higgs R1,card-selected,-0.0007011840448758466
Higgs R1,card-selected,0.0004621440295771162
Higgs R1,ordinary no-card,-0.0012908160826122783
Higgs R1,card-selected,-0.0005099520326370399
Higgs R1,card-selected,0.0028366081815428545
Higgs R1,card-selected,0.0
Higgs R1,card-selected,0.001482048094851085
Higgs R1,card-selected,-0.00022310401427860782
Higgs R1,card-selected,0.00015936001019900559
Higgs R1,card-selected,0.0
Higgs R1,card-selected,0.0
Higgs R1,card-selected,0.0002709120173381985
Higgs R1,card-selected,0.0
Higgs R1,card-selected,0.00031872002039801117
Higgs R1,card-selected,-0.002310720147886136
Higgs R1,card-selected,-0.0012748800815921557
Higgs R1,card-selected,-0.0004940160316168063
Higgs R1,card-selected,-0.0006693120428359345
Higgs R1,card-selected,0.0028366081815428545
Higgs R1,ordinary no-card,0.0005099520326370399
Higgs R1,card-selected,0.0
Higgs R1,card-selected,0.00022310401427860782
Higgs R1,ordinary no-card,-0.001737024111169494
Higgs R1,card-selected,-0.0005258880336568295
Higgs R1,card-selected,-0.002565696164204656
Higgs R1,ordinary no-card,-0.0007011840448757356
Higgs R1,ordinary no-card,-0.004908288314130482
Higgs R1,card-selected,-0.000653376041816145
Higgs R1,card-selected,-0.00012748800815920447
Higgs R1,ordinary no-card,-0.000143424009178994
Higgs R1,card-selected,0.0017210881101494824
Higgs R1,ordinary no-card,0.0
Higgs R1,ordinary no-card,0.00030278401937822164
Higgs R1,ordinary no-card,-0.00012748800815920447
Higgs R1,ordinary no-card,-0.004254912272314337
Higgs R1,card-selected,0.0009561600611942556
Higgs R1,card-selected,-0.0024860161591050423
Higgs R1,card-selected,-0.00014342400917921605
Higgs R1,ordinary no-card,-1.593600101990056e-05
Higgs R1,card-selected,-0.0067090564293794674
Higgs R1,card-selected,-0.00025497601631840894
Higgs R1,card-selected,-0.00028684801835821006
Higgs R1,card-selected,0.0
Higgs R1,card-selected,-0.00015936001019900559
Higgs R1,card-selected,-0.0020716801325875167
Higgs R1,card-selected,-0.00039840002549751397
Higgs R1,card-selected,0.0
Higgs R1,card-selected,0.0003346560214181338
Higgs R1,ordinary no-card,-0.0055138563528867035
Higgs R1,card-selected,0.00041433602651752555
Higgs R1,card-selected,-0.00041433602651752555
Higgs R1,ordinary no-card,-0.003617472231518204
Higgs R1,card-selected,-0.0024700801580851417
Higgs R1,ordinary no-card,-0.002055744131567505
Higgs R1,ordinary no-card,-0.0019282561234083007
Higgs R1,ordinary no-card,-0.00108364806935346
Higgs R1,card-selected,0.0
Higgs R1,ordinary no-card,0.0007011840448759576
Higgs R1,ordinary no-card,0.0
Higgs R1,ordinary no-card,-0.0019123201223886221
Higgs R1,ordinary no-card,-0.001338624085671869
Higgs R1,card-selected,-0.012334464789405808
Higgs R1,card-selected,-0.0004621440295772272
Higgs R1,ordinary no-card,0.0
Higgs R1,card-selected,-0.0009242880591543434
Higgs R1,ordinary no-card,-0.001450176092811284
Higgs R1,no-card control,-0.0018485761183089089
Higgs R1,card-selected,-0.0011314560724131617
Higgs R1,ordinary no-card,-0.0004940160316168063
Higgs R1,no-card control,-0.0002868480183584321
Higgs R1,ordinary no-card,0.0
Higgs R1,card-selected,-3.187200203980112e-05
Higgs R1,ordinary no-card,0.0
Higgs R1,card-selected,-0.0011155200713932611
Higgs R1,ordinary no-card,0.0003187200203982332
Higgs R1,card-selected,6.374400407960223e-05
Higgs R1,card-selected,-0.001737024111169494
Higgs R1,ordinary no-card,0.0
Higgs R1,ordinary no-card,-0.0034103042182593857
Higgs R1,ordinary no-card,-0.0016732801070897807
Higgs R1,card-selected,-0.0011314560724131617
Higgs R1,ordinary no-card,-0.0004940160316169173
Higgs R1,card-selected,0.0
Higgs R1,ordinary no-card,3.187200203980112e-05
Higgs R1,card-selected,-0.003442176220299298
Higgs R1,card-selected,0.0
Higgs R1,ordinary no-card,0.00012748800815920447
Higgs R1,ordinary no-card,0.001195200076492875
Higgs R1,card-selected,3.187200203980112e-05
Higgs R1,ordinary no-card,-6.374400407960223e-05
Higgs R1,card-selected,0.0
Higgs R1,ordinary no-card,-0.005752896368185323
Higgs R1,card-selected,0.00012748800815920447
Higgs R1,card-selected,-0.0014501760928111729
Higgs R1,ordinary no-card,0.00012748800815909345
Higgs R1,ordinary no-card,-0.0018326401172891194
Higgs R1,card-selected,0.0
Higgs R1,ordinary no-card,0.0019760641264683354
Higgs R1,card-selected,0.0009880320632340567
Higgs R1,ordinary no-card,4.78080030598127e-05
Higgs R1,ordinary no-card,-0.0004621440295772272
Higgs R1,ordinary no-card,-0.0038405762457968118
Higgs R1,card-selected,-0.0007808640499753494
Higgs R1,card-selected,-0.0010199040652737468
Higgs R1,ordinary no-card,0.0
Higgs R1,no-card control,1.593600102001158e-05
Higgs R1,card-selected,-0.004908288314130371
Higgs R1,card-selected,7.968000509961382e-05
Higgs R1,ordinary no-card,-0.004732992302911465
Higgs R1,card-selected,-0.00030278401937822164
Higgs R1,card-selected,-0.00020716801325870726
Higgs R1,card-selected,-0.0006055680387562212
Higgs R1,card-selected,0.0
Higgs R1,card-selected,0.0
Higgs R1,ordinary no-card,-0.009258816592564334
Higgs R1,card-selected,0.0
Higgs R1,card-selected,0.0010039680642540683
Higgs R1,card-selected,-0.006772800433459292
Higgs R1,card-selected,-0.0007808640499753494
Higgs R1,card-selected,0.0
Higgs R1,card-selected,0.0
Higgs R1,card-selected,0.00038246402447772443
Higgs R1,card-selected,0.0
Higgs R1,card-selected,0.0
Higgs R1,card-selected,0.0
Higgs R1,card-selected,0.0016573441060701022
Higgs R1,card-selected,-0.0002231040142784968
Higgs R1,ordinary no-card,-0.0005258880336569405
Higgs R1,ordinary no-card,0.0
Higgs R1,card-selected,0.0
Higgs R1,card-selected,0.0022629121448263234
Higgs R1,card-selected,0.0002390400152986194
Higgs R1,card-selected,0.0017848321142293067
Higgs R1,card-selected,-0.001227072078532676
Higgs R1,card-selected,0.0
Higgs R1,card-selected,0.0
Higgs R1,card-selected,-0.0015776641009704884
Higgs R1,card-selected,4.7808003059701676e-05
Higgs R1,card-selected,0.0006374400407961334
Higgs R1,card-selected,0.0
Higgs R1,card-selected,-0.0037449602396776305
Higgs R1,card-selected,0.0
Higgs R1,card-selected,-0.003537792226418812
Higgs R1,card-selected,0.0
Higgs R1,ordinary no-card,-0.004111488263135232
Higgs R1,card-selected,0.0005736960367165311
Higgs R1,ordinary no-card,-0.0003505920224379233
Higgs R1,ordinary no-card,0.004462080285573156
Higgs R1,card-selected,-0.00015936001019900559
Higgs R1,ordinary no-card,-0.00038246402447772443
Higgs R1,card-selected,3.187200203991214e-05
Higgs R1,ordinary no-card,0.0
Higgs R1,card-selected,-0.001338624085671869
Higgs R1,ordinary no-card,0.0
Higgs R1,card-selected,7.968000509961382e-05
Higgs R1,ordinary no-card,0.0
Higgs R1,card-selected,-0.002135424136667119
Higgs R1,card-selected,-0.0009242880591543434
Higgs R1,card-selected,-6.374400407960223e-05
Higgs R1,ordinary no-card,-0.003330624213160105
Higgs R1,no-card control,0.0
Higgs R1,ordinary no-card,0.0
Higgs R1,card-selected,0.0
Higgs R1,card-selected,0.0
Higgs R1,card-selected,0.0
Higgs R1,ordinary no-card,-0.017099329094357296
Higgs R1,card-selected,0.0
Higgs R1,ordinary no-card,-0.0028366081815429656
Higgs R1,card-selected,-0.0002390400152986194
Higgs R1,card-selected,0.0007011840448758466
Higgs R1,card-selected,0.0
Higgs R1,no-card control,-0.0007011840448757356
Higgs R1,card-selected,0.0
Higgs R1,card-selected,0.0
Higgs R1,card-selected,0.0
Higgs R1,card-selected,-0.00020716801325870726
Higgs R1,card-selected,-0.002533824162164633
Higgs R1,card-selected,0.004079616261095542
Higgs R1,ordinary no-card,0.0
Higgs R1,card-selected,0.0028047361795030534
Higgs R1,card-selected,-0.006932160443658519
Higgs R1,card-selected,-0.0020398081305477156
Higgs R1,ordinary no-card,-0.010214976653758479
Higgs R1,card-selected,0.0
Higgs R1,card-selected,-0.0005258880336568295
Higgs R1,ordinary no-card,0.00030278401937822164
Higgs R1,card-selected,-0.0023266561489059256
Higgs R1,card-selected,0.0
Higgs R1,card-selected,0.0
Higgs R1,ordinary no-card,0.0
Higgs R1,card-selected,0.0
Higgs R1,card-selected,0.0009083520581345539
Higgs R1,card-selected,-0.00036652802345771285
Higgs R1,card-selected,0.0
Higgs R1,card-selected,-0.004366464279453641
Higgs R1,card-selected,0.0
Higgs R1,card-selected,-0.002501952160125054
Higgs R1,card-selected,-0.005816640372264925
Higgs R1,card-selected,0.0012748800815923778
Higgs R1,card-selected,0.0
Higgs R1,no-card control,-0.0007330560469157588
Higgs R1,ordinary no-card,0.0
Higgs R1,ordinary no-card,0.0
Higgs R1,card-selected,0.0
Higgs R1,card-selected,0.0038405762457968118
Higgs R1,card-selected,0.0008446080540548406
Higgs R1,card-selected,0.0
Higgs R1,ordinary no-card,0.0
Higgs R1,card-selected,-0.003187200203980778
Higgs R1,card-selected,0.0
Higgs R1,ordinary no-card,-0.00030278401937822164
Higgs R1,card-selected,0.00014342400917921605
Higgs R1,ordinary no-card,-0.0007330560469155367
Higgs R1,card-selected,0.0
Higgs R1,ordinary no-card,0.00011155200713941493
Higgs R1,ordinary no-card,0.0
Higgs R1,ordinary no-card,0.0007489920479355483
Higgs R1,card-selected,-0.0004940160316171394
Higgs R1,no-card control,0.0
Higgs R1,card-selected,0.00054182403467673
Higgs R1,card-selected,0.0001912320122388067
Higgs R1,ordinary no-card,-0.00036652802345782387
Higgs R1,ordinary no-card,-0.0002709120173381985
Higgs R1,card-selected,0.0
Higgs R1,ordinary no-card,0.0
Higgs R1,card-selected,-0.0024382081560453406
Higgs R1,ordinary no-card,-0.21186913355962467
Higgs R1,ordinary no-card,0.0
Higgs R1,ordinary no-card,-0.00038246402447772443
Higgs R1,card-selected,-0.0006374400407961334
Higgs R1,ordinary no-card,-0.005354496342687809
Higgs R1,card-selected,-0.0007489920479355483
Higgs R1,ordinary no-card,-0.005896320377364539
Higgs R1,card-selected,0.0
Higgs R1,card-selected,-0.0011155200713932611
Higgs R1,card-selected,0.0
Higgs R1,card-selected,-0.0025178881611448434
Higgs R1,card-selected,0.0
Higgs R1,card-selected,-0.09367181399499613
Higgs R1,ordinary no-card,-0.09553632611432494
Higgs R1,ordinary no-card,-0.000398400025497625
Higgs R1,card-selected,-0.0011633280744529628
Higgs R1,card-selected,-0.0001912320122388067
Higgs R1,card-selected,0.0002709120173384205
Higgs R1,card-selected,-0.0039202562508962036
Higgs R1,card-selected,-0.0011792640754727524
Higgs R1,card-selected,-0.0011633280744529628
Higgs R1,ordinary no-card,0.0
Higgs R1,card-selected,7.968000509961382e-05
Higgs R1,card-selected,-0.0009083520581345539
Higgs R1,card-selected,-0.0009242880591543434
Higgs R1,card-selected,-0.0002709120173384205
Higgs R1,card-selected,0.0
Higgs R1,card-selected,-0.0019601281254481018
Higgs R1,card-selected,0.0
Higgs R1,card-selected,0.0008764800560947528
Higgs R1,card-selected,-0.00458956829373236
Higgs R1,ordinary no-card,-0.0007808640499753494
Higgs R1,ordinary no-card,0.0013226880846520794
Higgs R1,card-selected,-0.0017051521091296928
Higgs R1,card-selected,0.0
Higgs R1,card-selected,1.593600102001158e-05
Higgs R1,ordinary no-card,-1.5936001019789536e-05
Higgs R1,ordinary no-card,0.0
Higgs R1,ordinary no-card,0.0
Higgs R1,ordinary no-card,0.0
Higgs R1,ordinary no-card,0.0
Higgs R1,card-selected,0.0
Higgs R1,ordinary no-card,-0.0003346560214178007
Higgs R1,ordinary no-card,1.5936001019789536e-05
Higgs R1,card-selected,0.0006374400407961334
Higgs R1,ordinary no-card,-0.022549441443164175
Higgs R1,ordinary no-card,-0.0004621440295771162
Higgs R1,ordinary no-card,-6.374400407960223e-05
Higgs R1,card-selected,0.0
Higgs R1,ordinary no-card,0.0
Higgs R1,ordinary no-card,0.002501952160124832
Higgs R1,ordinary no-card,0.0
Higgs R1,card-selected,-0.001737024111169494
Higgs R1,card-selected,-3.187200203980112e-05
Higgs R1,card-selected,0.0006693120428359345
Higgs R1,ordinary no-card,-0.0012430080795525766
Higgs R1,ordinary no-card,0.0
Higgs R1,card-selected,0.0
Higgs R1,ordinary no-card,0.0
Higgs R1,card-selected,0.0006374400407961334
Higgs R1,card-selected,6.374400407960223e-05
Higgs R1,card-selected,0.0
Higgs R1,ordinary no-card,-0.0004621440295772272
Higgs R1,card-selected,0.0013226880846521905
Higgs R1,ordinary no-card,0.000940224060174355
Higgs R1,ordinary no-card,1.5936001019789536e-05
Higgs R1,no-card control,0.0
Higgs R1,ordinary no-card,-0.000940224060174355
Higgs R1,card-selected,0.0012908160826122783
Higgs R1,ordinary no-card,-0.0007011840448758466
Higgs R1,card-selected,0.00079680005099525
Higgs R1,card-selected,0.0
Higgs R1,card-selected,-0.0011792640754728634
Higgs R1,card-selected,0.0
Higgs R1,ordinary no-card,-0.001768896113209295
Higgs R1,card-selected,-0.0004780800305971278
Higgs R1,ordinary no-card,-0.0008127360520151505
Higgs R1,ordinary no-card,0.0
Higgs R1,ordinary no-card,0.0
Higgs R1,card-selected,0.0
Higgs R1,card-selected,-0.01614316903316282
Higgs R1,ordinary no-card,-0.0034581122213194204
Higgs R1,card-selected,0.0
Higgs R1,card-selected,0.0
Higgs R1,ordinary no-card,0.0
Higgs R1,card-selected,-1.593600101990056e-05
Higgs R1,card-selected,0.0
Higgs R1,card-selected,-0.005545728354926727
Higgs R1,card-selected,0.0
Higgs R1,card-selected,0.0
Higgs R1,ordinary no-card,0.0
Higgs R1,ordinary no-card,0.0
Higgs R1,card-selected,0.0
Higgs R1,card-selected,0.0
Higgs R1,ordinary no-card,0.0
California R1,card-selected,-0.013057572673268347
California R1,card-selected,-0.012164744199796962
California R1,ordinary no-card,0.00034142862255270856
California R1,ordinary no-card,0.00034142862255270856
California R1,card-selected,-0.018100795394788816
California R1,ordinary no-card,-0.0008232466255747584
California R1,card-selected,-0.004876853379402579
California R1,card-selected,8.927897083843561e-06
California R1,card-selected,-0.02837650658972013
California R1,card-selected,-0.012164744199796962
California R1,ordinary no-card,-0.00016460447943456025
California R1,ordinary no-card,-0.06545366584907486
California R1,ordinary no-card,-0.0014752104602517857
California R1,card-selected,-0.012164744199796962
California R1,card-selected,-0.00016460447943456025
California R1,ordinary no-card,0.00034142862255270856
California R1,card-selected,0.0
California R1,card-selected,-9.76350111198121e-05
California R1,ordinary no-card,0.010612212750366279
California R1,card-selected,0.0007503189048699843
California R1,card-selected,-0.0009583875504224348
California R1,ordinary no-card,-0.001418254778125072
California R1,card-selected,-0.005979090400576759
California R1,card-selected,-9.76350111198121e-05
California R1,card-selected,-0.005761601693052176
California R1,card-selected,-0.012964356067406646
California R1,card-selected,-0.0019793569102212194
California R1,card-selected,-0.012822022307352188
California R1,card-selected,0.01292293303442893
California R1,card-selected,0.0004970182321262229
California R1,card-selected,0.0
California R1,card-selected,0.002132296496139663
California R1,card-selected,-0.0008219461511992376
California R1,card-selected,-0.06542965505571696
California R1,card-selected,0.001643820541900376
California R1,card-selected,0.0032043674269232048
California R1,card-selected,0.0016638857830416631
California R1,card-selected,-0.06860437686874776
California R1,card-selected,-0.0029067364632151538
California R1,card-selected,0.0
California R1,card-selected,-0.006468302071795495
California R1,card-selected,0.005043823184495477
California R1,card-selected,-0.00112008249358575
California R1,card-selected,0.0
California R1,card-selected,-2.006524114128716e-05
California R1,card-selected,0.004238750576461614
California R1,card-selected,0.0004417496856822245
California R1,card-selected,-0.006107467962169322
California R1,ordinary no-card,-0.03687705794250051
California R1,card-selected,0.0
California R1,card-selected,-0.0013008579102647966
California R1,card-selected,0.010177879752482855
California R1,card-selected,0.0
California R1,card-selected,0.0009167687875827335
California R1,card-selected,-0.0001558539457289232
California R1,ordinary no-card,0.0012599156898094321
California R1,card-selected,-0.07433836264224147
California R1,card-selected,-4.334572680286808e-05
California R1,ordinary no-card,-4.334572680286808e-05
California R1,card-selected,-0.0005947712651727111
California R1,card-selected,0.0
California R1,card-selected,-0.005901818277127546
California R1,card-selected,-0.0013223966397157838
California R1,card-selected,0.00047986078567496815
California R1,card-selected,-0.003687402261343342
California R1,card-selected,-0.0005582382772801875
California R1,ordinary no-card,-0.0011579546650063444
California R1,card-selected,-0.0010453571085380364
California R1,card-selected,0.008763375862334
California R1,card-selected,-0.0021702097376583573
California R1,ordinary no-card,0.029779254052931137
California R1,card-selected,-0.006231149993478846
California R1,card-selected,-0.000731381796997721
California R1,card-selected,0.0008944106423710574
California R1,card-selected,-0.006231149993478846
California R1,ordinary no-card,-0.008052081622464624
California R1,card-selected,0.0
California R1,card-selected,-0.00042434676414071504
California R1,card-selected,-0.02934394307120136
California R1,card-selected,-0.0005929534906476963
California R1,card-selected,0.001556098244915649
California R1,card-selected,0.0
California R1,ordinary no-card,0.0012599156898094321
California R1,card-selected,0.012103975414083257
California R1,card-selected,-0.005389200749009504
California R1,card-selected,0.0
California R1,ordinary no-card,0.0008956790590850527
California R1,card-selected,0.0
California R1,card-selected,-0.01686008579464937
California R1,card-selected,-0.00019156916326001916
California R1,card-selected,-0.007316455563276425
California R1,card-selected,-6.840586468837007e-05
California R1,card-selected,0.00034362404917198663
California R1,card-selected,0.009303082350309744
California R1,card-selected,0.010725310179341863
California R1,card-selected,0.0
California R1,card-selected,0.01098007793059419
California R1,card-selected,0.0
California R1,ordinary no-card,0.0
California R1,card-selected,0.001643820541900376
California R1,card-selected,-0.005959302484217055
California R1,card-selected,0.0
California R1,card-selected,0.0
California R1,card-selected,0.0
California R1,card-selected,0.0
California R1,ordinary no-card,-3.72602411674583e-05
California R1,card-selected,-0.008360647801912924
California R1,card-selected,-0.004800320280448411
California R1,ordinary no-card,-0.012103975414083257
California R1,ordinary no-card,-0.00045437111683188647
California R1,card-selected,0.0
California R1,card-selected,-0.006430326975558676
California R1,card-selected,0.0006570039661660809
California R1,ordinary no-card,-0.011107590627243424
California R1,card-selected,0.0005018639700296035
California R1,card-selected,-0.0007624304339695076
California R1,card-selected,0.0005018639700296035
California R1,card-selected,0.00017703658796841548
California R1,card-selected,0.014079551634671894
California R1,card-selected,0.0016958089368538376
California R1,card-selected,0.0012389919091269075
California R1,card-selected,0.0005018639700296035
California R1,card-selected,0.012103975414083257
California R1,ordinary no-card,-0.0002613924368035647
California R1,card-selected,0.0005018639700296035
California R1,ordinary no-card,-0.004927236293216453
California R1,ordinary no-card,0.008360647801912924
California R1,card-selected,0.0
California R1,card-selected,0.0013414049935739358
California R1,ordinary no-card,-0.0006240781794577543
California R1,ordinary no-card,-0.002207100942712481
California R1,ordinary no-card,-3.816226784580934e-06
California R1,card-selected,-0.0009481229766541421
California R1,card-selected,-0.005510493369449199
California R1,card-selected,-4.015742706409142e-05
California R1,card-selected,-0.0003187357682690184
California R1,card-selected,-7.116399960427344e-06
California R1,card-selected,0.00019827223093671353
California R1,card-selected,0.07438782794915288
California R1,card-selected,-4.1890448769899e-05
California R1,card-selected,-0.00023793617136325107
California R1,card-selected,-5.738346326966681e-05
California R1,card-selected,0.008360647801912924
California R1,card-selected,0.0
California R1,card-selected,0.06505869708118306
California R1,card-selected,0.033747546098156
California R1,card-selected,0.004046326818822443
California R1,card-selected,-0.001429620301602319
California R1,card-selected,0.0
California R1,card-selected,0.012103975414083257
California R1,card-selected,-0.001429620301602319
California R1,card-selected,-0.008648227318368229
California R1,card-selected,-0.0019217311684822658
California R1,card-selected,0.008219681327313766
California R1,card-selected,-0.00042193662890632755
California R1,card-selected,-0.002067247553886653
California R1,card-selected,-0.0004495504089705449
California R1,card-selected,0.01494832483088171
California R1,card-selected,-0.019208424797833357
California R1,card-selected,0.000732892046323097
California R1,card-selected,-7.614969905866964e-05
California R1,card-selected,-0.018126773465699353
California R1,card-selected,-0.01904458467225012
California R1,card-selected,-0.01176937235932185
California R1,card-selected,-0.01832661491912413
California R1,card-selected,-0.015973568532192894
California R1,ordinary no-card,-9.255471374869373e-06
California R1,card-selected,0.0031654723948639774
California R1,card-selected,0.07068601025312637
California R1,card-selected,0.0
California R1,card-selected,0.05124280064877873
California R1,card-selected,-0.005097178903513133
California R1,card-selected,0.00017511473062736815
California R1,ordinary no-card,0.0
California R1,card-selected,0.0005018639700296035
California R1,card-selected,6.0773862158969294e-05
California R1,card-selected,-3.356763074247038e-05
California R1,card-selected,0.0
California R1,card-selected,-0.011225499679996753
California R1,card-selected,-0.0025088973649610713
California R1,card-selected,0.01647577729745897
California R1,card-selected,-0.002579194109639471
California R1,card-selected,0.03485626783475304
California R1,card-selected,0.00815142922124723
California R1,card-selected,-0.019036565539704786
California R1,card-selected,-8.515567495814835e-06
California R1,card-selected,-3.152270188533368e-05
California R1,card-selected,0.0002056886313520634
California R1,card-selected,0.0
California R1,card-selected,0.001438595127303266
California R1,card-selected,0.00010990519233811114
California R1,card-selected,0.0
California R1,card-selected,-0.00545983866969435
California R1,card-selected,-0.00545983866969435
California R1,ordinary no-card,-0.006652769900504452
California R1,card-selected,0.0004563125702125026
California R1,card-selected,0.005906825052560016
California R1,card-selected,0.0008725603837288487
California R1,card-selected,0.0005886284392769836
California R1,card-selected,-0.005819071429048139
California R1,ordinary no-card,-0.0007682438732552477
California R1,card-selected,0.0011347464309784394
California R1,card-selected,-0.00047950717974476476
California R1,ordinary no-card,-0.01595821635263439
California R1,card-selected,-0.00018192766351254885
California R1,ordinary no-card,-0.002080045269265085
California R1,card-selected,0.0010226188365983768
California R1,card-selected,-0.00013409871053482458
California R1,ordinary no-card,-0.006042278463821882
California R1,card-selected,-0.0010564887531022693
California R1,card-selected,0.0017942972619254816
California R1,card-selected,-6.7326317454430296e-06
California R1,card-selected,7.037376647889282e-05
California R1,card-selected,0.003259932747997407
California R1,card-selected,-0.015157098923614276
California R1,card-selected,0.00029772042149489586
California R1,card-selected,0.05257007100812672
California R1,ordinary no-card,0.002983831348595256
California R1,card-selected,0.010373131601760344
California R1,card-selected,-0.0006306467249543868
California R1,card-selected,0.0018946520690900082
California R1,card-selected,-0.005785171392862054
California R1,card-selected,-0.0003607771305637053
California R1,ordinary no-card,0.002253181165472906
California R1,card-selected,0.00024856312010090864
California R1,card-selected,0.0008813005525607487
California R1,ordinary no-card,-0.0016873914970132464
California R1,ordinary no-card,0.00046334646748391606
California R1,card-selected,0.00018969102964216944
California R1,card-selected,0.0002309629567600613
California R1,ordinary no-card,-1.9672507678425433e-07
California R1,card-selected,-0.0021784728248714913
California R1,card-selected,0.0
California R1,ordinary no-card,0.0018914791560352695
California R1,ordinary no-card,-1.9672507678425433e-07
California R1,ordinary no-card,-1.252896844650131e-05
California R1,ordinary no-card,-0.004630488899714402
California R1,card-selected,-0.004805394762884885
California R1,card-selected,0.00026755359566299486
California R1,card-selected,0.0
California R1,ordinary no-card,0.006913915599247034
California R1,card-selected,-0.07858742454740597
California R1,card-selected,0.0
California R1,card-selected,-0.001098013145354848
California R1,card-selected,-0.0514154588786101
California R1,card-selected,-0.00018192766351254885
California R1,card-selected,0.001796287581067535
California R1,card-selected,-0.0006215421306329239
California R1,card-selected,-0.00013105137524527244
California R1,card-selected,-0.0001144349093007424
California R1,card-selected,-0.021210806334082233
California R1,card-selected,-4.480222867919714e-06
California R1,card-selected,0.003594903004661254
California R1,card-selected,0.0003954391285714287
California R1,card-selected,-0.0001148406820614678
California R1,card-selected,0.0015563463941955513
California R1,card-selected,0.0008813005525607487
California R1,card-selected,0.00017072845933208125
California R1,card-selected,0.0
California R1,card-selected,-0.005384041588512245
California R1,card-selected,0.0007830505940521482
California R1,card-selected,0.0
California R1,card-selected,-0.0249109721512093
California R1,card-selected,0.0
California R1,ordinary no-card,-0.017050898617847476
California R1,ordinary no-card,0.0017412106121712512
California R1,card-selected,-0.0007453986881251762
California R1,ordinary no-card,-0.0008585482208806061
California R1,card-selected,-0.027828427953668022
California R1,card-selected,0.0014058545988717697
California R1,ordinary no-card,-0.012299676767559942
California R1,card-selected,0.0004996905111347427
California R1,ordinary no-card,0.006877469133546921
California R1,ordinary no-card,-0.0007401682248392438
California R1,card-selected,0.00014715837225587336
California R1,ordinary no-card,5.034723420338505e-05
California R1,card-selected,-6.202324533521875e-05
California R1,card-selected,-0.0018778405964334777
California R1,card-selected,-0.002471834751569979
California R1,card-selected,-0.0011417119228278594
California R1,card-selected,-0.00036449399357207923
California R1,ordinary no-card,-0.0018778405964334777
California R1,card-selected,0.0010443055722332284
California R1,card-selected,0.0
California R1,card-selected,-0.002471274441310123
California R1,card-selected,-0.02133924158986744
California R1,card-selected,-0.000498916338996902
California R1,card-selected,-0.0022135480868343826
California R1,card-selected,-0.0005102798106328965
California R1,card-selected,-0.00018487456047522333
California R1,card-selected,0.0008617951448738337
California R1,card-selected,-0.007653057342280167
California R1,card-selected,0.020306644948806407
California R1,card-selected,0.0007665495411515177
California R1,card-selected,0.0006767699145217021
California R1,card-selected,-0.054519348378247456
California R1,card-selected,7.511929801351513e-05
California R1,card-selected,-0.04122951182379797
California R1,card-selected,0.0
California R1,card-selected,3.789811315746405e-05
California R1,ordinary no-card,4.943230032450341e-05
California R1,card-selected,-5.034723420338505e-05
California R1,card-selected,-0.0014697783065166226
California R1,card-selected,0.0
California R1,ordinary no-card,-0.002935986272070812
California R1,card-selected,-0.001368561131236179
California R1,ordinary no-card,0.0
California R1,card-selected,-0.0014381935778112753
California R1,card-selected,0.0013393534354274594
California R1,card-selected,-0.00155457680639981
California R1,card-selected,0.001785562768486959
California R1,card-selected,-0.00046360398063372
California R1,card-selected,-0.004032887237608751
California R1,card-selected,-0.1152401969406377
California R1,card-selected,-0.0019001937966059979
California R1,card-selected,-0.0009932575088684725
California R1,card-selected,-0.00045000542684792144
California R1,card-selected,1.6204446763756764e-05
California R1,card-selected,-0.0018205229354291141
California R1,ordinary no-card,-0.0009341434848200159
California R1,card-selected,-0.0014111750899284958
California R1,card-selected,-3.809935872955972e-05
California R1,card-selected,-0.018780471406164123
California R1,ordinary no-card,-0.0006539348790211008
California R1,card-selected,-0.020261724444030405
California R1,card-selected,-0.00028730991099212844
California R1,ordinary no-card,0.0
California R1,ordinary no-card,-0.00321031343679401
California R1,card-selected,0.00040267714058506154
California R1,card-selected,0.0004940260913948169
California R1,card-selected,-0.013931963734118757
California R1,card-selected,0.0018318327483969332
California R1,card-selected,0.0
California R1,card-selected,-0.0010037724580231888
California R1,card-selected,-0.0038785550281152936
California R1,card-selected,0.0
California R1,card-selected,-0.0019059766853765092
California R1,card-selected,-0.02517398610723809
California R1,card-selected,-0.003826574189844778
California R1,card-selected,-0.0006204112277554685
California R1,card-selected,0.001312435057741479
California R1,card-selected,0.0
California R1,card-selected,0.0
California R1,card-selected,-0.012346156366193073
California R1,card-selected,0.0
California R1,card-selected,-0.010867474736747873
California R1,card-selected,0.0
California R1,card-selected,-0.011510275300453898
California R1,card-selected,0.0015048759425667635
California R1,card-selected,0.0007062037588678738
California R1,card-selected,-0.000494745621742898
California R1,card-selected,-0.0009797280614752824
California R1,card-selected,0.0
California R1,card-selected,0.0
California R1,card-selected,-0.0046258579306227565
California R1,ordinary no-card,-0.01527232909972065
California R1,card-selected,-0.032940977930906445
California R1,card-selected,-0.0019583409020144105
California R1,card-selected,0.0010573923433098154
California R1,card-selected,-0.003578856442832845
California R1,card-selected,-0.004123484182663062
California R1,card-selected,0.0
California R1,card-selected,-0.00098480638738907
California R1,card-selected,0.00039814317395814314
California R1,card-selected,0.0012117563906526296
California R1,card-selected,-0.0180131346640785
California R1,card-selected,0.0007933469717884556
California R1,card-selected,-0.001074748522997826
California R1,card-selected,0.0012993265405361054
California R1,card-selected,-0.0034528501946637924
California R1,card-selected,-0.116290024781595
California R1,card-selected,-0.0006692460204836825
California R1,card-selected,0.0013287404728651309
California R1,card-selected,0.0
California R1,card-selected,0.0
