bank,id,kind,n,harm,a,b,p_mean,p_lo20,median_gain,ev_mean,kind_founding,kind_direct,kind_unused,kind_invalid
Shared R1,mem-068af0dd0138,insight,0.0,0.0,1.0,1.0,0.5,nan,,,1,,,
Shared R1,mem-0b0475490dd8,insight,0.0,0.0,1.0,1.0,0.5,nan,,,1,,,
Shared R1,mem-0c2ed0e45fae,insight,0.0,0.0,1.0,1.0,0.5,nan,,,1,,,
Shared R1,mem-148fd06b1b32,insight,0.0,0.0,1.0,1.0,0.5,nan,,,2,,,
Shared R1,mem-191b41638da7,insight,0.0,0.0,1.0,1.0,0.5,nan,,,3,,,
Shared R1,mem-27e3573486a0,insight,0.0,0.0,1.0,1.0,0.5,nan,,,5,,,
Shared R1,mem-27f0f1f225e2,insight,2.0,2.0,1.0,3.0,0.25,0.07168223327744425,,0.0,1,,2,
Shared R1,mem-2db1b08a7239,insight,0.0,0.0,1.0,1.0,0.5,nan,,,1,,,
Shared R1,mem-316f50476a3f,insight,0.0,0.0,1.0,1.0,0.5,nan,,,3,,,
Shared R1,mem-41f61ab2892d,insight,0.0,0.0,1.0,1.0,0.5,nan,,,1,,,
Shared R1,mem-4e20dda7ddcc,insight,0.0,0.0,1.0,1.0,0.5,nan,,,2,,,
Shared R1,mem-511ae36187a9,insight,0.0,0.0,1.0,1.0,0.5,nan,,,1,,,
Shared R1,mem-51f6a25ee8d3,insight,0.0,0.0,1.0,1.0,0.5,nan,,,2,,,
Shared R1,mem-541e7c185a9d,insight,0.0,0.0,1.0,1.0,0.5,nan,,,3,,,
Shared R1,mem-558737eac754,insight,0.0,0.0,1.0,1.0,0.5,nan,,,1,,,
Shared R1,mem-5bc4ac5f9cf0,insight,2.0,2.0,1.0,3.0,0.25,0.07168223327744425,-0.0016077834230981969,-0.0016077834230981969,2,2,,
Shared R1,mem-61e4b6fb3917,insight,0.0,0.0,1.0,1.0,0.5,nan,,,1,,,
Shared R1,mem-6c032e3f5516,insight,2.0,2.0,1.0,3.0,0.25,0.07168223327744425,,0.0,1,,2,
Shared R1,mem-70d8000a8ebf,insight,2.0,1.0,2.0,2.0,0.5,0.2871407254167405,0.00018969102964216944,9.484551482108472e-05,1,1,1,
Shared R1,mem-822cdd498af8,insight,0.0,0.0,1.0,1.0,0.5,nan,,,1,,,
Shared R1,mem-85f7ac4a80b4,insight,1.0,1.0,1.0,2.0,0.3333333333333333,0.10557280900008416,,0.0,1,,1,
Shared R1,mem-8a7a59f7d7c2,insight,0.0,0.0,1.0,1.0,0.5,nan,,,2,,,
Shared R1,mem-98d565d3a9a0,insight,0.0,0.0,1.0,1.0,0.5,nan,,,1,,,
Shared R1,mem-99c0ccf01b0f,insight,0.0,0.0,1.0,1.0,0.5,nan,,,1,,,
Shared R1,mem-adc8471a7a2e,insight,0.0,0.0,1.0,1.0,0.5,nan,,,1,,,
Shared R1,mem-af65ce4f74c5,insight,0.0,0.0,1.0,1.0,0.5,nan,,,1,,,
Shared R1,mem-b823ec0f5802,insight,0.0,0.0,1.0,1.0,0.5,nan,,,1,,,
Shared R1,mem-b92cfc5fa528,insight,0.0,0.0,1.0,1.0,0.5,nan,,,1,,,
Shared R1,mem-ba019d9eae51,insight,0.0,0.0,1.0,1.0,0.5,nan,,,1,,,
Shared R1,mem-bac595271de6,insight,0.0,0.0,1.0,1.0,0.5,nan,,,1,,,
Shared R1,mem-be8dd43094fe,insight,0.0,0.0,1.0,1.0,0.5,nan,,,1,,,
Shared R1,mem-c30b2ce83986,insight,0.0,0.0,1.0,1.0,0.5,nan,,,2,,,
Shared R1,mem-c8105f72d43d,insight,0.0,0.0,1.0,1.0,0.5,nan,,,1,,,
Shared R1,mem-cb889995993a,insight,0.0,0.0,1.0,1.0,0.5,nan,,,1,,,
Shared R1,mem-ce6ba79bfc73,insight,0.0,0.0,1.0,1.0,0.5,nan,,,2,,,
Shared R1,mem-da457cb860e0,insight,0.0,0.0,1.0,1.0,0.5,nan,,,1,,,
Shared R1,mem-ee57e7af307e,insight,0.0,0.0,1.0,1.0,0.5,nan,,,1,,,
Shared R1,mem-efe52921952a,insight,0.0,0.0,1.0,1.0,0.5,nan,,,1,,,
Shared R1,mem-f8b5f156802c,insight,0.0,0.0,1.0,1.0,0.5,nan,,,1,,,
Shared R1,mem-ffb4ada871c5,insight,0.0,0.0,1.0,1.0,0.5,nan,,,1,,,
Shared R1,program-3c2ca498-cfaa-48f0-a60b-84dd2bc4b170,program,0.0,0.0,1.0,1.0,0.5,nan,,,,,,
Shared R1,program-53868924-9cda-4cbf-80cb-13b1a884e753,program,1.0,1.0,1.0,2.0,0.3333333333333333,0.10557280900008416,-0.0003607771305637053,-0.0003607771305637053,,1,,
Shared R1,program-6739d84a-af96-48c3-bd19-e07e239af770,program,3.0,2.0,2.0,3.0,0.4,0.21231712827795127,-0.00010510345740816218,-7.006897160544145e-05,,2,1,
Shared R1,program-71d90484-a3f8-486b-884f-91584187eaed,program,2.0,2.0,1.0,3.0,0.25,0.07168223327744425,,0.0,,,2,
Shared R1,program-9d515f73-9497-4d9b-ad01-4156596265f0,program,0.0,0.0,1.0,1.0,0.5,nan,,,,,,
Shared R1,program-a3c83d41-2427-42b2-85d9-ad904990d974,program,0.0,0.0,1.0,1.0,0.5,nan,,,,,,
Shared R1,program-a59cfab0-358b-4d9c-ab07-9d73575ff636,program,0.0,0.0,1.0,1.0,0.5,nan,,,,,,
Shared R1,program-c69ec389-c630-4b77-921d-b79f83e11f59,program,0.0,0.0,1.0,1.0,0.5,nan,,,,,,
Shared R1,program-ddec398a-2e54-4c34-8e25-33a7ecd5ea71,program,0.0,0.0,1.0,1.0,0.5,nan,,,,,,
Shared R2,mem-023588ab947a,insight,4.0,2.0,3.0,3.0,0.5,0.32659793784141106,0.001213354858501825,0.0006066774292509125,3,2,1,1
Shared R2,mem-029edfefd6c4,insight,0.0,0.0,1.0,1.0,0.5,nan,,,1,,,
Shared R2,mem-0fd7669d54a4,insight,2.0,2.0,1.0,3.0,0.25,0.07168223327744425,,0.0,4,,2,
Shared R2,mem-3821cee51c45,insight,6.0,4.0,3.0,5.0,0.375,0.2283264643498392,0.0005499581109804641,0.00034983678283134756,2,3,3,
Shared R2,mem-39d221a8af0f,insight,0.0,0.0,1.0,1.0,0.5,nan,,,5,,,
Shared R2,mem-3d679cfa6648,insight,0.0,0.0,1.0,1.0,0.5,nan,,,1,,,
Shared R2,mem-3f9b0eb625a9,insight,4.0,2.0,3.0,3.0,0.5,0.32659793784141106,0.0001345299734673011,-0.00028170334194893565,1,4,,
Shared R2,mem-41f9f6320e02,insight,0.0,0.0,1.0,1.0,0.5,nan,,,1,,,
Shared R2,mem-4dc899198311,insight,2.0,2.0,1.0,3.0,0.25,0.07168223327744425,,0.0,1,,2,
Shared R2,mem-4ee9e7d79511,insight,0.0,0.0,1.0,1.0,0.5,nan,,,1,,,
Shared R2,mem-4f21cad35fd6,insight,0.0,0.0,1.0,1.0,0.5,nan,,,2,,,
Shared R2,mem-54dc4d5468bd,insight,0.0,0.0,1.0,1.0,0.5,nan,,,3,,,
Shared R2,mem-55d3e6a006f7,insight,2.0,2.0,1.0,3.0,0.25,0.07168223327744425,-0.0066211250745698,-0.0066211250745698,7,2,,
Shared R2,mem-5600878e8890,insight,0.0,0.0,1.0,1.0,0.5,nan,,,1,,,
Shared R2,mem-71db70bb6fd3,insight,1.0,0.0,2.0,1.0,0.6666666666666666,0.4472135954999579,0.0007353996244581218,0.0007353996244581218,3,1,,
Shared R2,mem-727f7badfc0a,insight,0.0,0.0,1.0,1.0,0.5,nan,,,1,,,
Shared R2,mem-730dd9998ba5,insight,0.0,0.0,1.0,1.0,0.5,nan,,,1,,,
Shared R2,mem-7a10b468c891,insight,0.0,0.0,1.0,1.0,0.5,nan,,,1,,,
Shared R2,mem-807e9071a6cf,insight,0.0,0.0,1.0,1.0,0.5,nan,,,2,,,
Shared R2,mem-816dd294cb32,insight,0.0,0.0,1.0,1.0,0.5,nan,,,1,,,
Shared R2,mem-87dd8c8f0902,insight,0.0,0.0,1.0,1.0,0.5,nan,,,1,,,
Shared R2,mem-8911cd573625,insight,0.0,0.0,1.0,1.0,0.5,nan,,,1,,,
Shared R2,mem-894ce64208be,insight,0.0,0.0,1.0,1.0,0.5,nan,,,1,,,
Shared R2,mem-9acd1ef997b9,insight,0.0,0.0,1.0,1.0,0.5,nan,,,3,,,
Shared R2,mem-aa18b0607fc1,insight,0.0,0.0,1.0,1.0,0.5,nan,,,5,,,
Shared R2,mem-b3f9b75db017,insight,2.0,2.0,1.0,3.0,0.25,0.07168223327744425,,0.0,2,,2,
Shared R2,mem-c51e72909ca0,insight,0.0,0.0,1.0,1.0,0.5,nan,,,4,,,
Shared R2,mem-c8f0defcfeef,insight,0.0,0.0,1.0,1.0,0.5,nan,,,1,,,
Shared R2,mem-d09ea168b2f2,insight,0.0,0.0,1.0,1.0,0.5,nan,,,1,,,
Shared R2,mem-d1ef082a4608,insight,0.0,0.0,1.0,1.0,0.5,nan,,,1,,,
Shared R2,mem-e80ea7e19790,insight,0.0,0.0,1.0,1.0,0.5,nan,,,1,,,
Shared R2,mem-eb0f1469e77a,insight,0.0,0.0,1.0,1.0,0.5,nan,,,2,,,
Shared R2,mem-eb88904575ae,insight,0.0,0.0,1.0,1.0,0.5,nan,,,1,,,
Shared R2,mem-ebbd63380cd8,insight,2.0,1.0,2.0,2.0,0.5,0.2871407254167405,-0.00436188979316432,-0.00436188979316432,7,2,,
Shared R2,mem-ed08e066784e,insight,0.0,0.0,1.0,1.0,0.5,nan,,,1,,,
Shared R2,mem-fbdb0580bdad,insight,1.0,1.0,1.0,2.0,0.3333333333333333,0.10557280900008416,-0.003029967421782964,-0.003029967421782964,2,1,,
Shared R2,mem-fed0e13be2ad,insight,0.0,0.0,1.0,1.0,0.5,nan,,,2,,,
Shared R2,program-109c7e44-1b77-49ff-a712-e2a50fac5cae,program,0.0,0.0,1.0,1.0,0.5,nan,,,,,,
Shared R2,program-1d1922f2-9ddf-4be6-b8ed-8ab71b298c0e,program,0.0,0.0,1.0,1.0,0.5,nan,,,,,,
Shared R2,program-2e8f29b1-dc72-4640-bedf-47a182e42153,program,0.0,0.0,1.0,1.0,0.5,nan,,,,,,
Shared R2,program-323ba8e8-43a8-47ec-b1fb-b1279a4b5534,program,1.0,1.0,1.0,2.0,0.3333333333333333,0.10557280900008416,-0.0003592972772317182,-0.0003592972772317182,,1,,
Shared R2,program-392cc33c-f48d-4cf9-885e-d699476f6187,program,0.0,0.0,1.0,1.0,0.5,nan,,,,,,
Shared R2,program-4240b4ac-9c72-4518-98ad-3411ee54d7c6,program,1.0,0.0,2.0,1.0,0.6666666666666666,0.4472135954999579,0.0010209276351142993,0.0010209276351142993,,1,,
Shared R2,program-7026cfb5-6ef7-4644-91b5-bb8c2048b3fb,program,6.0,3.0,4.0,4.0,0.5,0.3500935656771235,0.0019430481177177272,-0.002506368905481856,,5,1,
Shared R2,program-7cc0aa4f-eec1-47c8-a29f-55f4ece00ab5,program,0.0,0.0,1.0,1.0,0.5,nan,,,,,,
Shared R2,program-801cb141-aff1-4b9e-986a-5e3d155f49de,program,2.0,0.0,3.0,1.0,0.75,0.5848035476425733,0.02335223023018923,0.02335223023018923,,2,,
Shared R2,program-8b1f6b75-27c9-4a45-8d8d-a78348ea7cbc,program,4.0,1.0,4.0,2.0,0.6666666666666666,0.5098076570278056,0.010035847509567652,0.00298446435456326,,4,,
Shared R2,program-d075b7a3-198c-44b2-8652-2ecd5b65b256,program,0.0,0.0,1.0,1.0,0.5,nan,,,,,,
Higgs SOTA R1,mem-07cea6e7547c,insight,3.0,2.0,2.0,3.0,0.4,0.21231712827795127,-0.0021354241366670634,-0.001535168098250661,8,3,,
Higgs SOTA R1,mem-15d41b6b9643,insight,0.0,0.0,1.0,1.0,0.5,nan,,,1,,,
Higgs SOTA R1,mem-1fc1a8f7285e,insight,0.0,0.0,1.0,1.0,0.5,nan,,,1,,,
Higgs SOTA R1,mem-28347c65fb60,insight,2.0,2.0,1.0,3.0,0.25,0.07168223327744425,-0.0013545600866918805,-0.0006772800433459403,1,1,,1
Higgs SOTA R1,mem-29101c9a44dc,insight,0.0,0.0,1.0,1.0,0.5,nan,,,1,,,
Higgs SOTA R1,mem-3bffc2ea20e3,insight,2.0,2.0,1.0,3.0,0.25,0.07168223327744425,,0.0,1,,2,
Higgs SOTA R1,mem-3f32fecf8f03,insight,0.0,0.0,1.0,1.0,0.5,nan,,,1,,,
Higgs SOTA R1,mem-590e9d262ef2,insight,0.0,0.0,1.0,1.0,0.5,nan,,,1,,,
Higgs SOTA R1,mem-5a9e68931839,insight,0.0,0.0,1.0,1.0,0.5,nan,,,1,,,
Higgs SOTA R1,mem-5fca01da396d,insight,1.0,1.0,1.0,2.0,0.3333333333333333,0.10557280900008416,,0.0,4,,1,
Higgs SOTA R1,mem-71a6faab09f1,insight,0.0,0.0,1.0,1.0,0.5,nan,,,1,,,
Higgs SOTA R1,mem-7472291cedfd,insight,0.0,0.0,1.0,1.0,0.5,nan,,,1,,,
Higgs SOTA R1,mem-7767776ef419,insight,0.0,0.0,1.0,1.0,0.5,nan,,,2,,,
Higgs SOTA R1,mem-7ebac47bafb9,insight,0.0,0.0,1.0,1.0,0.5,nan,,,1,,,
Higgs SOTA R1,mem-81c11dfc0fdd,insight,2.0,2.0,1.0,3.0,0.25,0.07168223327744425,-0.010485888671096899,-0.0052429443355484495,4,1,1,
Higgs SOTA R1,mem-90b99307b466,insight,0.0,0.0,1.0,1.0,0.5,nan,,,1,,,
Higgs SOTA R1,mem-97c1c48f7b97,insight,0.0,0.0,1.0,1.0,0.5,nan,,,1,,,
Higgs SOTA R1,mem-9e5be3f4b1d8,insight,0.0,0.0,1.0,1.0,0.5,nan,,,1,,,
Higgs SOTA R1,mem-ac0b45566ca7,insight,1.0,1.0,1.0,2.0,0.3333333333333333,0.10557280900008416,,0.0,1,,1,
Higgs SOTA R1,mem-ac3ce1f6db0b,insight,0.0,0.0,1.0,1.0,0.5,nan,,,2,,,
Higgs SOTA R1,mem-ac64d53e7d97,insight,2.0,2.0,1.0,3.0,0.25,0.07168223327744425,,0.0,2,,2,
Higgs SOTA R1,mem-b8963bf4436a,insight,0.0,0.0,1.0,1.0,0.5,nan,,,1,,,
Higgs SOTA R1,mem-bb6945cadb60,insight,0.0,0.0,1.0,1.0,0.5,nan,,,1,,,
Higgs SOTA R1,mem-bc6eb2fe92b8,insight,2.0,2.0,1.0,3.0,0.25,0.07168223327744425,,0.0,1,,2,
Higgs SOTA R1,mem-c49317a1b3ab,insight,0.0,0.0,1.0,1.0,0.5,nan,,,1,,,
Higgs SOTA R1,mem-d95329d84ef7,insight,0.0,0.0,1.0,1.0,0.5,nan,,,1,,,
Higgs SOTA R1,mem-d9ea3e61b8ec,insight,2.0,2.0,1.0,3.0,0.25,0.07168223327744425,,0.0,1,,2,
Higgs SOTA R1,mem-dffd2f7d0348,insight,0.0,0.0,1.0,1.0,0.5,nan,,,1,,,
Higgs SOTA R1,mem-e18e71458fd9,insight,0.0,0.0,1.0,1.0,0.5,nan,,,1,,,
Higgs SOTA R1,mem-e1c0bd7de695,insight,7.0,4.0,4.0,5.0,0.4444444444444444,0.30322584466408187,0.0,-9.106286297054314e-06,1,4,3,
Higgs SOTA R1,mem-fae5bac51ef2,insight,0.0,0.0,1.0,1.0,0.5,nan,,,1,,,
Higgs SOTA R1,program-08074ddd-5933-437f-bc60-c8388f8b8dae,program,0.0,0.0,1.0,1.0,0.5,nan,,,,,,
Higgs SOTA R1,program-1049c570-e6cc-416d-ae49-f0361fc8377d,program,0.0,0.0,1.0,1.0,0.5,nan,,,,,,
Higgs SOTA R1,program-1ce20316-0e50-4295-8103-fb400e7212f6,program,0.0,0.0,1.0,1.0,0.5,nan,,,,,,
Higgs SOTA R1,program-257a67ab-17ad-4467-bd85-82f01a41fdee,program,1.0,1.0,1.0,2.0,0.3333333333333333,0.10557280900008416,,0.0,,,1,
Higgs SOTA R1,program-337033c7-bd64-4918-85a2-06f70c78a2e1,program,0.0,0.0,1.0,1.0,0.5,nan,,,,,,
Higgs SOTA R1,program-337dc908-adbc-456d-96cd-a68e1a2e2917,program,0.0,0.0,1.0,1.0,0.5,nan,,,,,,
Higgs SOTA R1,program-3baa35f5-3c64-401d-9063-7c52f64082f7,program,1.0,1.0,1.0,2.0,0.3333333333333333,0.10557280900008416,,0.0,,,,1
Higgs SOTA R1,program-605a2891-da00-4192-9367-48e520b483e5,program,2.0,2.0,1.0,3.0,0.25,0.07168223327744425,,0.0,,,2,
Higgs SOTA R1,program-7d3879a0-2ffd-42ee-9d44-3e4722131d5d,program,1.0,1.0,1.0,2.0,0.3333333333333333,0.10557280900008416,,0.0,,,1,
Higgs SOTA R1,program-bd2b6db3-cefe-4a5d-a313-5ff5a1bc96d5,program,0.0,0.0,1.0,1.0,0.5,nan,,,,,,
Higgs SOTA R1,program-cbe8ab1f-6fa7-4f59-bf82-92a91ddb072d,program,1.0,1.0,1.0,2.0,0.3333333333333333,0.10557280900008416,,0.0,,,,1
Higgs SOTA R1,program-deff6a2c-c619-4c0f-9250-b41c2ce124de,program,0.0,0.0,1.0,1.0,0.5,nan,,,,,,
Higgs SOTA R2,mem-172dbdedd8d8,insight,0.0,0.0,1.0,1.0,0.5,nan,,,1,,,
Higgs SOTA R2,mem-179e3233d81e,insight,1.0,1.0,1.0,2.0,0.3333333333333333,0.10557280900008416,,0.0,1,,1,
Higgs SOTA R2,mem-2b3a8ef6710a,insight,2.0,2.0,1.0,3.0,0.25,0.07168223327744425,,0.0,1,,,2
Higgs SOTA R2,mem-35b227377082,insight,0.0,0.0,1.0,1.0,0.5,nan,,,1,,,
Higgs SOTA R2,mem-460b3ba35e54,insight,0.0,0.0,1.0,1.0,0.5,nan,,,1,,,
Higgs SOTA R2,mem-5b5438468522,insight,0.0,0.0,1.0,1.0,0.5,nan,,,1,,,
Higgs SOTA R2,mem-8aa02bed81f7,insight,0.0,0.0,1.0,1.0,0.5,nan,,,1,,,
Higgs SOTA R2,mem-90a6d79a0473,insight,0.0,0.0,1.0,1.0,0.5,nan,,,1,,,
Higgs SOTA R2,mem-94c5a7542106,insight,0.0,0.0,1.0,1.0,0.5,nan,,,1,,,
Higgs SOTA R2,mem-9e0681e7114d,insight,2.0,1.0,2.0,2.0,0.5,0.2871407254167405,0.0005896320377365427,0.00029481601886827136,1,1,1,
Higgs SOTA R2,mem-9e737f444736,insight,1.0,1.0,1.0,2.0,0.3333333333333333,0.10557280900008416,,0.0,2,,1,
Higgs SOTA R2,mem-a53faa5e9ae1,insight,0.0,0.0,1.0,1.0,0.5,nan,,,1,,,
Higgs SOTA R2,mem-b2e75bb00be7,insight,2.0,2.0,1.0,3.0,0.25,0.07168223327744425,-0.00048206403085215843,-0.00048206403085215843,2,2,,
Higgs SOTA R2,mem-b81a7329c669,insight,2.0,2.0,1.0,3.0,0.25,0.07168223327744425,,0.0,1,,2,
Higgs SOTA R2,mem-bd2277a13fc4,insight,0.0,0.0,1.0,1.0,0.5,nan,,,2,,,
Higgs SOTA R2,mem-bfa1f46c0d20,insight,0.0,0.0,1.0,1.0,0.5,nan,,,1,,,
Higgs SOTA R2,mem-c067ff9ca4b8,insight,0.0,0.0,1.0,1.0,0.5,nan,,,2,,,
Higgs SOTA R2,mem-d12e55f5f3e1,insight,0.0,0.0,1.0,1.0,0.5,nan,,,1,,,
Higgs SOTA R2,mem-dce73ff9254c,insight,0.0,0.0,1.0,1.0,0.5,nan,,,1,,,
Higgs SOTA R2,mem-de6fa30ebfc1,insight,0.0,0.0,1.0,1.0,0.5,nan,,,1,,,
Higgs SOTA R2,mem-fcff0791da27,insight,0.0,0.0,1.0,1.0,0.5,nan,,,1,,,
Higgs SOTA R2,program-4bdfc01c-a13e-4d96-b734-ec3791cc89d1,program,0.0,0.0,1.0,1.0,0.5,nan,,,,,,
Higgs SOTA R2,program-7131eab9-89af-4538-8bd7-dd3444598bab,program,1.0,1.0,1.0,2.0,0.3333333333333333,0.10557280900008416,,0.0,,,1,
Higgs SOTA R2,program-8a7d1bd9-ffcc-4701-8189-8b52648596e0,program,0.0,0.0,1.0,1.0,0.5,nan,,,,,,
Higgs SOTA R2,program-8b5e3772-bab8-422c-85cf-418de5cec4df,program,0.0,0.0,1.0,1.0,0.5,nan,,,,,,
Higgs SOTA R2,program-8f01d8b0-63b0-4c2f-8cc8-a35a3b5560a0,program,0.0,0.0,1.0,1.0,0.5,nan,,,,,,
Higgs SOTA R2,program-b52f7a05-9b99-4081-b3f4-6924f48d5e90,program,0.0,0.0,1.0,1.0,0.5,nan,,,,,,
Higgs SOTA R2,program-da609b0f-8b55-4cf4-a500-005eea4d57dc,program,8.0,5.0,4.0,6.0,0.4,0.26754662498944526,0.0010199040652738578,0.0018366241175439418,,3,5,
Higgs SOTA R2,program-ecf8f6bb-0b68-43d5-b75e-eb0fa16e8d1e,program,1.0,1.0,1.0,2.0,0.3333333333333333,0.10557280900008416,,0.0,,,,1
Higgs SOTA R2,program-ed0baa84-d957-4fc9-83d5-2079d33cad99,program,2.0,2.0,1.0,3.0,0.25,0.07168223327744425,,0.0,,,2,
Higgs SOTA R2,program-fed43d27-4883-4b11-85c9-c995b57e0ca6,program,6.0,4.0,3.0,5.0,0.375,0.2283264643498392,1.593600102001158e-05,0.00018592001189889537,,3,3,
